model_type,learning rate,num_params,training_loss,best_loss,val_loss,test_loss,training_time,inf_time,kaggle_score,kaggle_test_score,mean_dist,mean_test_dist,epochs,batch_size,regularization
LSTM,0.001,80000,4.918599416647851e-10,6.670462362901725e-07,6.670462362901725e-07,3.133697745738573e-10,1573.1711177825928,0.2798931198120117,2.548759726434946,2.4355150222778317,1.809288,1.2700785,36,2,False
MLP,0.001,80000,8.561177877730586e-10,6.670381060003283e-07,6.674807953160888e-07,7.315115457817711e-10,532.5915958881378,0.036777728080749514,4.266229377686977,4.6754519760608675,3.869245,3.5783496,64,2,False
LSTM,0.001,10000,2.833091539145016e-10,6.67046307495367e-07,6.67046307495367e-07,3.480132015898363e-10,40.14279389381409,0.06686802005767821,2.5700474,2.766762,1.8092883,1.4745822,0,2,False
LSTM,0.001,3000,4.2291821955586784e-07,1.0889913824030373e-06,1.0889913824030373e-06,4.228779886261691e-07,119.78165578842163,0.013578752160072325,2.4098186,2.8164334,4.1095057,3.7182055,56,2,False
LSTM,0.005,3000,6.126397722461263e-10,6.670462679939787e-07,6.670463501765034e-07,3.8161306059603106e-10,77.33137726783752,0.013460095882415772,2.3819928,2.877752,1.809288,1.5082762,36,2,False
LSTM,0.01,3000,2.414121125227098e-10,6.670462493491708e-07,6.670463384185477e-07,4.4465610360422403e-10,78.82547974586487,0.014456703901290894,2.5001068,2.8554907,1.809288,1.4761155,36,2,False
