model_type,learning rate,num_params,training_loss,best_loss,val_loss,test_loss,training_time,inf_time,kaggle_score,kaggle_test_score,mean_dist,mean_test_dist,epochs,batch_size,regularization
LSTM,0.001,80000,4.918599416647851e-10,6.670462362901725e-07,6.670462362901725e-07,3.133697745738573e-10,1573.1711177825928,0.2798931198120117,2.548759726434946,2.4355150222778317,1.809288,1.2700785,36,2,False
MLP,0.001,80000,8.561177877730586e-10,6.670381060003283e-07,6.674807953160888e-07,7.315115457817711e-10,532.5915958881378,0.036777728080749514,4.266229377686977,4.6754519760608675,3.869245,3.5783496,64,2,False
